<?xml version="1.0" encoding="UTF-8"?>
<!DOCTYPE mapper
        PUBLIC "-//mybatis.org//DTD Mapper 3.0//EN"
        "http://mybatis.org/dtd/mybatis-3-mapper.dtd">
<mapper namespace="com.srx.transaction.Mapper.CommentMapper">
    <resultMap id="comment" type="com.srx.transaction.Entities.Comment">
        <id column="comment_id" property="commentId"/>
        <result column="goods_uuid" property="goodsUUID"/>
        <result column="user_id" property="userId"/>
        <result column="comment_content" property="commentContent"/>
        <result column="comment_time" property="commentTime"/>
        <result column="reply_id" property="replyId"/>
    </resultMap>
    <insert id="insertComment" parameterType="com.srx.transaction.Entities.Comment">
        insert into comment (goods_uuid,user_id,comment_content
        <if test="replyId!=null and replyId!=''">
            ,reply_id
        </if>
        ) values (#{goodsUUID},#{userId},#{commentContent}
        <if test="replyId!=null and replyId!=''">
            ,#{replyId}
        </if>
        );
    </insert>

    <select id="queryCommentListByUUID" resultMap="comment">
        select * from comment where goods_uuid=#{goodsUUID};
    </select>

    <select id="queryCommentCount" resultType="Integer">
        select count(*) from comment
        <where>
            <if test="comment.goodsUUID!=null and comment.goodsUUID!=''">
                and goods_uuid=#{comment.goodsUUID}
            </if>
            <if test="comment.userId!=null and comment.userId!=''">
                and user_id=#{comment.userId}
            </if>
            <if test="comment.replyId!=null and comment.replyId!=''">
                and reply_id=#{comment.replyId}
            </if>
        </where>
    </select>
</mapper>
